id,path,hex_256
s1/1,data/s1/1.pgm,1a993aed54cffbe63f4dfc03bdbf22607eff37d14aba73ffffedbe81778aa5db
s1/10,data/s1/10.pgm,0ab0fefa6ff4b9538f5f7517bcdf7e6bef3bbf91924fb2d1dfd9faeb9704a5f7
s1/2,data/s1/2.pgm,03bdbaf8fdd5bbff1fcd5c07fcfe36e4dd7fb31597b873ff3f3f9fcb984cbdff
s1/3,data/s1/3.pgm,19b97be914df7bf02d4cfc0fbfdf3260fca917cc43b83239ffdda3402b8b65fa
s1/4,data/s1/4.pgm,1ddf7fedfc8feffd4dc0fec67dffb7707eef77efc1b32dfdfe7fa7c06dfaf1f9
s1/5,data/s1/5.pgm,23957be97487e9575f417e56b99f3260fea9179d91ba31df5ffdba40dd8861f8
s1/6,data/s1/6.pgm,03b97bccfc8ffff79f40fcc6fdffb460feab3fddd7bb36ff7e3daec89d88b1f8
s1/7,data/s1/7.pgm,01cb7bedf6cb7ff73c607ac6b5afb0707ebf17ccd198255d7caca6c07d92a3e9
s1/8,data/s1/8.pgm,139c7bfe76c6fff41c485e073dffb0607e7937cde1bb36fff3efae8035c875fb
s1/9,data/s1/9.pgm,21787be87c87e970cd48fc06b9dd3420eeb917fcc3ab70dddff9a2c05c8974f9
s10/1,data/s10/1.pgm,11dd6bbd74c3af671c405a02349eb0607e3b13c5d39a347f652caac01508b5f8
s10/10,data/s10/10.pgm,03d9ebccd587fff75f405c0330be3660f83b13ddd7ba36fb7f2c8e4a1d1af5ea
s10/2,data/s10/2.pgm,12dd6bfc14c7fb77dc00da0231df306078bb13c953bb10fff5ad8a403588f5a8
s10/3,data/s10/3.pgm,13894ac95697fa771d055883398e26607ebb13cd56bb14fd772c8ac0358e71ac
s10/4,data/s10/4.pgm,138943c85687eb771d0058c2398eb4607ebb138dc3ba34ff772caac0358ef0ac
s10/5,data/s10/5.pgm,128d42bd5683aee714005a432cda30c07afb93c1d2b904ff3c248ec01508b18c
s10/6,data/s10/6.pgm,328d629dd7d7bee75f41784328cc3464f8ab13c553bb34ff3f0c8e42570cfdee
s10/7,data/s10/7.pgm,02bd2af855c7fb671f45d803bc9f3460fabb93c152bb10ff7f5d9a43150cf5fa
s10/8,data/s10/8.pgm,12cd6bdd74c7bfe714005a433ddf3040787b13c1d3b914ff3d248ec81508b5fa
s10/9,data/s10/9.pgm,23196bec74c7fb700d405882399db4607eb917cdc1ba34dd572daa80358875f9
s11/1,data/s11/1.pgm,22097aec75d7fb738d84fc03289f3764eab917c9ccbb30cd77fd8a0b278e7eee
s11/10,data/s11/10.pgm,32797acc75d5fc67bd8cfc032c9e37e4e8b993c1ccbb30ec777d8a0b078c7dce
s11/2,data/s11/2.pgm,334d63cc76d6ef76fdc0588239de35647ee917cfc5bb34ef773d8a8827bf74ec
s11/3,data/s11/3.pgm,035962cc74d6ff76fdcc7a022d9eb7e4fef997c9c4bb20ed773d8e8a279c7dee
s11/4,data/s11/4.pgm,0ad972c87dd5fe768f4cfc032cdf36e4eef997c1c2bb36fd375d8e8b37ac3def
s11/5,data/s11/5.pgm,02c962dc7fd7fe669f44548328df3764eebb93c1c69b26fd777c8a8b379c7ddf
s11/6,data/s11/6.pgm,23097acc75d4fa668d84fc032cdf3764eebb93c1c4ab24ec777d8a8b070c7def
s11/7,data/s11/7.pgm,32497aec5dd4ff669d04fc03289f3760e8bb13814ebb72cd777c8a0b15187cca
s11/8,data/s11/8.pgm,02597afc75d7fd779d0c5c833d9f3660eebb9381c6bb30dd77fd9a8b178c75fb
s11/9,data/s11/9.pgm,02797af87cd7be770f8cde032cdf3664e8b997c1c6bb32fd777d8f4b27ac2fcf
s12/1,data/s12/1.pgm,3b9d6b8c54c7ae671e40dec738ceb4607a7b13cdc7bb34ff3b6c8a801d8af1dc
s12/10,data/s12/10.pgm,0a9d6bd855d3ba735d41de02289e3660fe3b938997ba34df3f7d9ac3978a75de
s12/2,data/s12/2.pgm,11cd6bec54c6ef7724005a02359b306068ba13c9c0bb34ff71acae00359835e8
s12/3,data/s12/3.pgm,12c92afc56d7aa678e054a022d9f3440ea3b13c1569910ff756d9a03350ab5ee
s12/4,data/s12/4.pgm,12dd7bfc56c7ff779c44da032cdf36407ebb1781c3bb30fff52d8a823518b5da
s12/5,data/s12/5.pgm,12cd7bed54c7be673c045a032d9e34606ebb93c1c2bb10fff72d9e03359cb5ea
s12/6,data/s12/6.pgm,130d6bac56c7aa771d01dac339fe34407ebb1385cdbb14ff326c8a823d8cb1b8
s12/7,data/s12/7.pgm,13894bfd56c7ae673d01fa032c9e3440f8bb1381d6bb14ffbdbc9e42150ab18a
s12/8,data/s12/8.pgm,2bc863b955e7ba471d41dc8328de3468fcbb93919fba32ff3f5d9acb954cb1fe
s12/9,data/s12/9.pgm,0bcd6ab857c7be671d41dac3289e3460feab9395c6ba34ff3f7c9acb1d0e318c
s13/1,data/s13/1.pgm,28593bf974c7f9770d4c7c02bf9f3060febb17c989ba30ddf7cdaa80158af5fa
s13/10,data/s13/10.pgm,39587bed64d6f9746dccf6063d1fb7607eb917edc9b031cde7e9a28037a265f9
s13/2,data/s13/2.pgm,21993ae974c7f957544c7e02b59f32607c3a178c80b831df75edbac0558af4fb
s13/3,data/s13/3.pgm,02997bc874c5fb771d4970023c9f3460eeb91381c3bb30fd573c8ac2150875fb
s13/4,data/s13/4.pgm,03987bdc74d5f9675f49d403bc9f3660eebb178d873b32dd577d9aea158875fb
s13/5,data/s13/5.pgm,3a597eed24def9789d44d6023d9f3760feb9bfefc9bf31cdd7f9aa81378c74fa
s13/6,data/s13/6.pgm,13496ead16c7fb624cc4d203791e36606eb51fcdccbb35ccf7a9aa00352875c8
s13/7,data/s13/7.pgm,3a917be974c6f97b2d49fe029b9f3460feb91f899bba75dddfedba40378871f8
s13/8,data/s13/8.pgm,3b90bbed34e6f9533f4adf03bddf3468ffb9178d99b131ddd5ff9a00b78871f2
s13/9,data/s13/9.pgm,19596aed64d7fb700dccf602399f3360feb917ef88b375c8d7fdaa8065ab74f3
s14/1,data/s14/1.pgm,129d6bf974c7fa723d405aa32d9e3460febb97d5deb814ffff6daec0258c25fb
s14/10,data/s14/10.pgm,12086afd74c2ff703d84d603f5df3140fead1fc5c8b905def7edbb81258875ea
s14/2,data/s14/2.pgm,921d6ff976c3bff7bdccd6a33ddf3761fefb1fc5e89934fffbefaec3358825fb
s14/3,data/s14/3.pgm,169d7ffd76cfff70bdc4d3827ddf3660eefd1febe0b935ceffef8f83253865f2
s14/4,data/s14/4.pgm,13c96be976c6fbd215c05ac279cf3460feab17cdc8ba14ff7f6eab80358a31f9
s14/5,data/s14/5.pgm,03dd7bff76c6fbe73d415a03bdde3660febb17c5d2ba34fff77fabc3b50e35fb
s14/6,data/s14/6.pgm,128d6bfd56d7fb72fdc4d68239df3660fefb17d1a0bb34eefbedaec1258b75ea
s14/7,data/s14/7.pgm,078d6bf974c7ff7b3cc05a03fddeb660febb17d5c2b930ff7d7cafc0150eb1fb
s14/8,data/s14/8.pgm,031c7bf934c7bb471e495e023ddfb160fe3b179182b830ffef4dbac0b50a35fb
s14/9,data/s14/9.pgm,124d6bef54d6ff7035c8d68271dfb3607ef997efe9bb34eef3edab8135bb74fa
s15/1,data/s15/1.pgm,0b997be977d7fb77c540dcc6b99fb660febb97cdcbb930fd77fd8ac03f8875f8
s15/10,data/s15/10.pgm,02dd6bce74d4fe759d485a4328de34647a7b97c1c0bb30ff377d8a8b159ef5fe
s15/2,data/s15/2.pgm,03cd6bcd5496ee775c415e4239ceb6607ebb17cdc5ba24ff773daa803d8ef98c
s15/3,data/s15/3.pgm,3b896bed75d7fb77cd40fca63b9fb660febb17cddbbb30fff3fd8ac0178a74f9
s15/4,data/s15/4.pgm,03dd6bed76d7ff774d40dc86b99fb660febb17cdcbba35ff77fdba801f8870f9
s15/5,data/s15/5.pgm,03cd6bebd6c6eff714415e0239df30607efb17cdd1ba30ff77edaac0358af1aa
s15/6,data/s15/6.pgm,2b9d6bed75d7ff77cd44fce63b9db664eebb97c9d3bb34fd66fd82c33f8c75f9
s15/7,data/s15/7.pgm,2bdd62cd7697fef69d485cc629deb6e47eeb97cfc5ba34ff777daa823f9ef1dc
s15/8,data/s15/8.pgm,23cd6bfd75c7fff75f48fc0239d93460fa2b17c9c3bb24ff77ff8a881588f0e8
s15/9,data/s15/9.pgm,03dd6bdf54d6fff7dd405e0239de3660faeb93c9c7ba34ff677d8a401d9ef1f8
s16/1,data/s16/1.pgm,23c97acc768cfef78d4478032cbcb460fefb17c9c6bb14ed373c8e8b478e61cf
s16/10,data/s16/10.pgm,10d96bec74c3fb76b504de23359f21407eb81fc9489b20cff5e5aa80358a248b
s16/2,data/s16/2.pgm,30d95bcc5686ff7725007c4236bf24607eb917c941bb30df77ad8200718a63a8
s16/3,data/s16/3.pgm,10993bec5486fb76ac44fe0337df3360fcfd1be94cbb303ff7eda20830aa71ca
s16/4,data/s16/4.pgm,22997afc77c7fb770d45d88338bf3660eebb17c9d0bb30fd777d9a8b158a75fb
s16/5,data/s16/5.pgm,321d7bec57c7fb772d44fc033cdf3460febb17cd93bb30fdf7fc8a083d8a74fb
s16/6,data/s16/6.pgm,31cd7aed7682eff72580f8c23debb0607efb17e9cabb10ff74ada688359af0e9
s16/7,data/s16/7.pgm,22d96becf585ff750f407c8b39ddb740febb97c9c6ba34fd3f7d8faa5d8af0da
s16/8,data/s16/8.pgm,10dd7bfd74c7ff7734c4fa0335bf34607abb1fc9d1bb307dfdafae401588a5fa
s16/9,data/s16/9.pgm,0269fbfc57e5b9671f4158c2bc9e3420eebb939182bab4fd777d9a0bd5cc27fa
s17/1,data/s17/1.pgm,029d7af9f5e5b8671f497813bdbe3660dfbb178116ba72f77f5e9e4b1548f5da
s17/10,data/s17/10.pgm,03896aed5685fa675f015802b58f3460fabb138d53b814df7fbc9a401508f1a8
s17/2,data/s17/2.pgm,009d7ab9f4edfc771e095a13bdbf2040efbb178176ba52ffff9ebe4010c8f59b
s17/3,data/s17/3.pgm,32f96bec57c7ffe40740fc037bcf3060fce993efcbbb3cfdf3ed8f0a359af5fa
s17/4,data/s17/4.pgm,1ad963ec5fc7fff48d40f8033ddf3060fef91be7cbbb38fdf3fd8f0b359a75fa
s17/5,data/s17/5.pgm,009d7afdf4cdb9771e497a03bdbf3240eebb178952b851ffffdfbec03488b5fb
s17/6,data/s17/6.pgm,03897aad7483e8671e015a83b9ba34607eab178dc6ba05ddb5be9a003d883188
s17/7,data/s17/7.pgm,038d7bed568ff8677f016a02b5ab3460fbab138d56b811dfffbc9a00558871a8
s17/8,data/s17/8.pgm,228d3ab95dcdb8679f056801a4be3440e9bb338116ab52ffff969e531108f58a
s17/9,data/s17/9.pgm,018d4abd5487ea671e016a0331e83440fa3b138552ba15ffbdae9a403508f188
s18/1,data/s18/1.pgm,13997af955c5f963dd457803ac9c3660eeb91785c6bb36dd773c9ac3158c75fa
s18/10,data/s18/10.pgm,13dd6bec7686ea7714405ac639dfb0607eab17cdc99914ff702daa803d8ab1b8
s18/2,data/s18/2.pgm,308d6bec15c7f977d444fe03319d306078ba13890abb30dd73ad9241350874ea
s18/3,data/s18/3.pgm,029d6bad76c7fb775c455a833d8f36607ebb1385c2b834ff77ac9a081588b5fb
s18/4,data/s18/4.pgm,32cd6afc54c7ffe75440fc0231b9344078ba13c14abb10fdffed8201751af4aa
s18/5,data/s18/5.pgm,32c96bec54c7fb675400d80331cb34407aab13cdcabb10ff752d8a00350a748a
s18/6,data/s18/6.pgm,139d6bbd7686ba771c415ac73d8eb460fe2b93cdd5b934ff746dba803d0eb1d9
s18/7,data/s18/7.pgm,238d2bde57c7fb67dd405e0328dc3660e8bb138177bb36ff776d9a435d0c74fa
s18/8,data/s18/8.pgm,10c90bec5687ff671400d80321df304078bb138542bb10ff752c8a013508f1aa
s18/9,data/s18/9.pgm,3add2bf854d7ff67dd007c02b99d3420e8ab13c9c2bb34ff777d8a4b550cf4ea
s19/1,data/s19/1.pgm,000d7bfd56c2ef771c005a433d9f30607abb138953ba34ff75ad8a803d8870a8
s19/10,data/s19/10.pgm,338d6bfd5686ef771d007ac238cfb4607abb13cdc3ba14ff75ac8a803f9871a8
s19/2,data/s19/2.pgm,114d7bfd7482ef773c005a423dbfb0607abb17cdc1ba24ff75adaa803d98f1b8
s19/3,data/s19/3.pgm,218d6bdc57c2e7773c007a4239bfb44078bb1389d3bb34ef752c8a401d88f1a8
s19/4,data/s19/4.pgm,13a96bf954c7fb673d415e82389f3460eebb1799d3ba26ff7f7c9ac3158cf5ea
s19/5,data/s19/5.pgm,03996bd955d5f967dd515c12289e3660eeba9385d2ba36d5575d9acb178c75ef
s19/6,data/s19/6.pgm,228d7bfd5783ff671e017a033c99344078ba138952ba14ff75ac9a405588f1aa
s19/7,data/s19/7.pgm,129d6ac97487fb671c017a82399fb464fabb1399d1bb14dd3d8daac1178af1a8
s19/8,data/s19/8.pgm,03996bd974c7fb775c415ec2399fb460eebb179d92ba34f77f1d9ac9958af1fb
s19/9,data/s19/9.pgm,02996af9f4c4fb770c4d5e02b59f3660ea3b179990b834f54d9dbac19588f5ea
s2/1,data/s2/1.pgm,6a58e9c5665eff362de6fea75b0f17626fd7f7e7c4b075c8777d6a9565f444db
s2/10,data/s2/10.pgm,2650fbed665ffffb1de674831f1e36707fddf7a7c4b2f5c877bfb38535a845f3
s2/2,data/s2/2.pgm,38587bec655a7b7a3d46fea27fdf3770fef997e0c89a71ed77ff2a8927b224fb
s2/3,data/s2/3.pgm,4b9179c566dcf97f29655eab5c5f9e7436b5b7a5c110b5c9775d2b82178685f7
s2/4,data/s2/4.pgm,1a5cfaec46f7fb52bdc4de8b3fcf3768eef997c184bb30ee73fd0a8b27bf25db
s2/5,data/s2/5.pgm,1a58fba467fcff122fc45ea7bddf9764e6fb97c1c09af0e877fd2b8327b705fb
s2/6,data/s2/6.pgm,1c5c7aac5656db70bdc4de07adaf3340fcfd9de7c88731ccf3ed8e89353e2d7a
s2/7,data/s2/7.pgm,171875c5263ff8322de0fe87df3f977a6fd57fa781d075c897feeb82afad01fd
s2/8,data/s2/8.pgm,1650faede656ff573fe656a7cf0f37487ffdb7c5c49075c877dfcf8127fe45f1
s2/9,data/s2/9.pgm,1a583abc4fd6f8e6adc4de872ddf3740ecf5dfa7cc8b32ccf7f78b93053c2dde
s20/1,data/s20/1.pgm,00a97bed5487e96734807a02b58b20406aab17e840b811cd75ac8200258871aa
s20/10,data/s20/10.pgm,10812fff1683e96796015a03b1db3040f93b13895b9813fdeded9a40350ab1aa
s20/2,data/s20/2.pgm,10816bed1486eb677480fa0233ab304078ac13ec48bb008df1ed8200258a75aa
s20/3,data/s20/3.pgm,108d6bfd168669773400dac2378330606eb717adc9bb01dfd1aeaa003d883028
s20/4,data/s20/4.pgm,33496bec54d5fb76ccc07e02399f3460eab99789c1bb34cd775d8a08358e75aa
s20/5,data/s20/5.pgm,00b13bead7c5fbe71e01580234df3860fa3b1399533a32dd7d8d8e689d0aa1aa
s20/6,data/s20/6.pgm,134d7bec5683fa62cd00fa823d9f3460fab917c9c0b320dff7fd8a89358871aa
s20/7,data/s20/7.pgm,10e93bea5c85ebc45601580231c770607c9b13d71a3b38f7fd8d8a68158ab1a8
s20/8,data/s20/8.pgm,01b8bbf9d4a5bb471e415842bcde3060fe3b139913b812d7ed9d8a6a980aa1bb
s20/9,data/s20/9.pgm,01ad3bfbf4e5bbd71e415d52bcd77820ff3b139913ba3af76d9dbe6a944ab1b9
s21/1,data/s21/1.pgm,32c96ae856c3fb640504f8032bd93440fab913e34abb12fdf1ed8a09750a748a
s21/10,data/s21/10.pgm,03d93bed5487eb771e415242b4df34607e3917dd93b870df2da88ac01d8a31b8
s21/2,data/s21/2.pgm,03891bf874c5f8671c405a42b59f3460fa3b138992b810fd359c9a80148821a8
s21/3,data/s21/3.pgm,03c92bf854c5ea671c004802b49f3060f8ab13c142ba52fff52dba48140831e8
s21/4,data/s21/4.pgm,02ad72c855c5aa665645780230de3440f82b13d552ba32ff7d058b6a110afdca
s21/5,data/s21/5.pgm,23c96aec5587eb671d04f8032dc93540fc2b13c5ceba30ff777d8a09551a718a
s21/6,data/s21/6.pgm,23496aec5487eb604504fc0231d9374078a813cfcab270fd73fd8208759b74ba
s21/7,data/s21/7.pgm,01987be95487e9571c015046b49f3460ec3b139d83be50dd459c9a401c8861a8
s21/8,data/s21/8.pgm,20b919eafd87f8ef4f01d002b4de2c20dcbb137813ab5af53f9c866a9808f08a
s21/9,data/s21/9.pgm,308d7fec16c6eb671401da0231bf306078bb17e958bb11fff9efaa00358af4aa
s22/1,data/s22/1.pgm,320d7aecd6c7ff731580de8339feb7607cbb97e1d8bb34ee737d8f0135aaf4d2
s22/10,data/s22/10.pgm,163d7ae0f6c7ff731d80fa0219dfb5607ab997f9d8ba14dc7fcdafc1259af5e0
s22/2,data/s22/2.pgm,3a8d72c8f5d6fef77d84fa032bffb6e07afb97e3dcbb14ee3b7e8b4367aefdc6
s22/3,data/s22/3.pgm,32096accd7c6fe751580da8339ffb56078fb97cdd8bb34ee776d8a0135eafc82
s22/4,data/s22/4.pgm,038d6b84c4d6bfe78ce4da8359fe36626cff33edd19b35c47d6fcf849538b5f8
s22/5,data/s22/5.pgm,32096bec5487ff710580fac319ffb46078b917e9c9bb14cc772daa8025aa74c0
s22/6,data/s22/6.pgm,16ddfbe1e44effd42aa51c039d1f59427fdf17fbd290b5e2ffcdafe4a5b3a5e0
s22/7,data/s22/7.pgm,330d6aecd487fe778c00d803389b344078bb138150bb14dd773d8a4a158aa988
s22/8,data/s22/8.pgm,320d6ae8d5d7fe751d84da0319df3640f8bb97d5dcbb14de77dd8a4b158afd82
s22/9,data/s22/9.pgm,248d7ae9f4f7fff35fac5c031dffb6607dbd97b990ba14c67f5dafe4b5abfda1
s23/1,data/s23/1.pgm,935d6bed56c6fb741444d68339dfb4607eb917cbc8b334ef776daa80359a35f8
s23/10,data/s23/10.pgm,13196bed7686ab503c445ea3398fb6607eb917cd839a34ff762daa80358035f9
s23/2,data/s23/2.pgm,02903af856c5b8428f055903bc9f3668ee39939106ba12d5471d9ac3940c35db
s23/3,data/s23/3.pgm,93cd6bfe54d7ff779d44d687b9dfb660febb97c5cb9b34fff37daa8a159ef5fa
s23/4,data/s23/4.pgm,12896bee76c5fb779c40dc833ddf34607ebb138dc3bb34ff772dba80358af5fa
s23/5,data/s23/5.pgm,029c7bba76e5b9769c4d50a7bd9eb660fe3b9385939f32ff553dbaca958ca5fb
s23/6,data/s23/6.pgm,02c96bce56c4fb74c440d88331dfb4607eb913c5c2bb34ff732d8a80358a74f8
s23/7,data/s23/7.pgm,134d6b9c5496af651440d8c329ceb4407cab13c5cf9b34ff302c8a883d9eb1dc
s23/8,data/s23/8.pgm,23c96ac857d5ba635d405883398e3664fea993c5c2bb34dd335c8a82158e75dc
s23/9,data/s23/9.pgm,93187bec76a7e9525d4052c6359fb4607eb917ad89bf34dc56a9aa803da871f9
s24/1,data/s24/1.pgm,30bd7afcfccf75e77f00fa0abffd3030fabb3b50523bd1fdfdcc96697008e7aa
s24/10,data/s24/10.pgm,13df6bed76c3eff41c485ee6f1dfb0607ef917efc1b825fffcadae803d9a71f9
s24/2,data/s24/2.pgm,50bd7afc548738777c807a223cbb346074bf174940bb90edf6ae868a6488e3ab
s24/3,data/s24/3.pgm,13db6bed7683fff65e48dce73ddeb6607efb17cdcfbb26fffe6dae883d9a71f9
s24/4,data/s24/4.pgm,028d7bf976c5fff71e4d78033cff3460febb1781d3ba32ff7ffd8ecb158af5db
s24/5,data/s24/5.pgm,39dd6bedd5c7fff754c4fe023bbd326078fa17c9c9bb34fff3edae007d8af4e8
s24/6,data/s24/6.pgm,00a9dffdfccf65e73e00ea40b4b3201062bb6b88529bd16ffd8606284088a7a8
s24/7,data/s24/7.pgm,02fdfadd57c5bfe76e047a032cfd2460ee3b1b0142bb10fd7f3d8e0b5598f7aa
s24/8,data/s24/8.pgm,00891bfd55cb62671d04ee0032f3244068aa2ad95ab8527dfdc69e411008f5aa
s24/9,data/s24/9.pgm,01dd6bedf4c7eff71c405e6631ffb0607ebb17c9c3ba35fffdadaec03d8ab5f9
s25/1,data/s25/1.pgm,22d96abc5dd5fa649f04dc032dce3640ecbb93c146ab14fd775d8a4b151e7dde
s25/10,data/s25/10.pgm,12b97af855c7f8459f4d78032c9e7600fcbb979106bb10d55f5d8aeb958e75da
s25/2,data/s25/2.pgm,13996bed7687fb7705485e023d9f3460feb917cdc0bb30fd77edaa80358a71fb
s25/3,data/s25/3.pgm,02996afc5785ba679f05dc03ad8f3640fcbb97c5029b12ff7f558ac9150c35fa
s25/4,data/s25/4.pgm,139d6bfd74c7fb771c485c0339df32606ebb17cdc0bb34fff7edaa81358875f9
s25/5,data/s25/5.pgm,9b5d6aec76d7fb70154c748739ceb6e07ea997efc5bb34ff766daa803f8e71fd
s25/6,data/s25/6.pgm,02997afc76c7fb679d4cde03bdbf3640eebb17c1429b32fff7fdbec91508b5fb
s25/7,data/s25/7.pgm,13d96afc75d7bf679d04de0228ce3660e8eb97c544bb34fd777d8a09151c75da
s25/8,data/s25/8.pgm,939d7bfd76d6b9739c485ec33ddfb6606ebb178df1ba34df7729ba8835ac61f9
s25/9,data/s25/9.pgm,1bd96bec75d7ff779d4c5e82399fb660febb97cdc0bb36fff37dae89378a35fb
s26/1,data/s26/1.pgm,13dd6bfd76d7bb757c48580239dfb2607ebb13c5e0ba34ff772d8a80179a35f9
s26/10,data/s26/10.pgm,12497fef16c6fb70ac005e823d8f30406ea91fc940b914edf5edaa80358a75aa
s26/2,data/s26/2.pgm,92196aec56d7fb70554cd48339df37607eb997edc4b734ed7729aa8135ae75f9
s26/3,data/s26/3.pgm,02bd7bdd57c7bb67bc405a033c9e3460ee3b13c5d79a10ff7d3c9a421508f5da
s26/4,data/s26/4.pgm,12c96bfd1687ff729400da82399f34606eb917e1c09904fff3adaac0358a35ba
s26/5,data/s26/5.pgm,918d7bec36c6ef74f408fae2399bb0606eb917c9c9bb14fff0acaac0358870a9
s26/6,data/s26/6.pgm,2b1c7bef75d6b9735dc87f4639dfb760fe39978d81ba34ce777daa80578a75fb
s26/7,data/s26/7.pgm,22d97afc74c7fff75d457c0239dd36607ebb1788c2ba30fd77fd8208759af4fb
s26/8,data/s26/8.pgm,12517be966c6fb700d445703bd9f3040ee991fc3c2b032ddd7e9aac1358a75fb
s26/9,data/s26/9.pgm,0a996bff77d7f9709f48d183f9ceb460fe399781c6bf3edddf5d8a8b1d8e35fb
s27/1,data/s27/1.pgm,165d6be474c7fb62adc4fa831d9f3360fefd17e148bb10ee7dccafc1253865fa
s27/10,data/s27/10.pgm,301d7bec54cfff715d84fa0a339f3050f8bb17c048ba10fff7eda201758874ea
s27/2,data/s27/2.pgm,300d3bec74cfff763c00fa0abdbf3060eaff17c958bb305ffdadaa40718a75ea
s27/3,data/s27/3.pgm,100d7bec54c7ea671c84fa02b59f3060f8ab17c158bb11eef5ac8a01318870ea
s27/4,data/s27/4.pgm,12dd6bed74c7fb772d85fa039dbf3270eabb17c158bb10fffdacaa41218875ea
s27/5,data/s27/5.pgm,10193bed5ccf7b722404fe0a97bf3060e8bb17cc98ba71fef5edabc165a864ea
s27/6,data/s27/6.pgm,195d6be534ce7f7264ec7e82bd1f33607efd1fe9c8b935ccf7edab8125aa757a
s27/7,data/s27/7.pgm,100d3ba454cefe72ac84da021d8e3140eaf517e940b930eeb5ecaa0125a9752a
s27/8,data/s27/8.pgm,105d7aed76c6ff762484fe83351f33406eb91fc148b910cc7fedaa8125ba35ea
s27/9,data/s27/9.pgm,100d6bec54c6fb772c047a033d9f3160eabb17cdc0bb10ec77edaa80378875ea
s28/1,data/s28/1.pgm,36186bfc54c7fbf0ddccfe037dff3560fef917cbe0bb30ff7fdf8e89153a75fa
s28/10,data/s28/10.pgm,1bdd7be564cff97f2de8de02f99f32617eff37add1bbf5ec53b9fbc0258875f8
s28/2,data/s28/2.pgm,32d97aecf5d7fff5ad44f8822ddf3444eaf997c3cabb76fd3ff88ec1378cfdde
s28/3,data/s28/3.pgm,039d7ff575c7b977bcc85e023c9f3460eebb1789c19b30ee7d7d1ac0150865f9
s28/4,data/s28/4.pgm,0add63e576c7fff52dcddec7399eb6647ebb97edc5bb34ef7f5caf82279ef5ff
s28/5,data/s28/5.pgm,32c97aec5dc7fee59d04fe832ddf2644faf9b7c348bb12fdbf1c8f89159abdca
s28/6,data/s28/6.pgm,12586bee74c7fff45d48d6027ddf3560fef917eec8b338fef3fdae8035bb74fb
s28/7,data/s28/7.pgm,32d96adcddd7fff5f5c4fe8379df37647af9b7cbdcbb36fd7ffd8f81779af4fe
s28/8,data/s28/8.pgm,52f87cec3ec5fbe88fd0fc02bd9f7472eefd7fc9c87bb3fdffffbfe9358331fb
s28/9,data/s28/9.pgm,32e96afc5dc7fb648f85f80369df3660f8b993c14ebb12fd7f7d8a6b350e74ee
s29/1,data/s29/1.pgm,028c5bfdd4e7fe673c83da52f4ff3460fbfb1381709933effdbe9e421448e1aa
s29/10,data/s29/10.pgm,128d3bfef5f7fee71d01da422cfe3460f8eb1b89faba10ff7f7f9e4a154af18e
s29/2,data/s29/2.pgm,028d3bbed5e7bee7bc03da13bcff3041fbbb1b8132ba12fffdb69e4a9548a58a
s29/3,data/s29/3.pgm,03892bffd5c7ee67dc01d842b4df3460f8bb13c9d3bb52ff7dbc9e08150af1aa
s29/4,data/s29/4.pgm,828d0eded7c7bee79607de1370fa344069fb338172bb1aff39369e4b3558bd88
s29/5,data/s29/5.pgm,838d2b9ed5c4aae7df41da53a4fe3660f83b33d53fbb3aff3d7e9eca1c0cb0cc
s29/6,data/s29/6.pgm,03292bbad6e7abc79ec5c88334fe3560feab13d9039b34fe3d1c8e49955bb5fe
s29/7,data/s29/7.pgm,034d239ed4c7eee71cc1d80230fa3460f8aa13d903bb14ff3d3c8e009518f1a8
s29/8,data/s29/8.pgm,838d6bded4c7ff659c42d80230fc3460f8bb138df3bb32ff7f3e9e081d5af1fa
s29/9,data/s29/9.pgm,a38debdedcc7fcef1f41dc0278ff3460fbfb139df6ba3eff7f3e9aca9588f08e
s3/1,data/s3/1.pgm,32817ae857c7fa650d04f8032c9f3440feb997c15abb10dd73fd8acb350e75ca
s3/10,data/s3/10.pgm,32dd6aee77d3fe6415405c8339cdb7607ebb97e1cfba30fff3dd8acb358ef4da
s3/2,data/s3/2.pgm,12897ae956c6f9754d41d2033d9f3460eeb917c1d4bb10cd5fedaac0358ab5fa
s3/3,data/s3/3.pgm,12b17aec76c7fb750d40d8a33d9f3660feb917dd96bb10ddf7edaac1358e75db
s3/4,data/s3/4.pgm,9bf96bec76d6fb705448d4c2399fb6207eb917cdc1ba34ee7f4daec0379a74f9
s3/5,data/s3/5.pgm,2b79ebe974d6fb5555cc7402399fb7207eb817ddc9ba34c87f4da7a0778c74fb
s3/6,data/s3/6.pgm,138d638d7482eaf07d405a43298db4607ea817cdc4b834ef366c8ac2378f71cc
s3/7,data/s3/7.pgm,139b6af87492f976bc485ea23ddfb4607eb9178dc0b924dd36edbac0358825e9
s3/8,data/s3/8.pgm,81906be974d7e9567c415602399fb4606eb8179983b834dd57e9b2c0258871e9
s3/9,data/s3/9.pgm,12dd72ca57c3fa641d405c8328df36e47ebb93c346bb20ff375d8acb379e7dde
s30/1,data/s30/1.pgm,02cd6afb1487eee75c00d80331cd346078eb13cf4abb0cff7d1e8e40359a758a
s30/10,data/s30/10.pgm,12cd2afe94a7fee71e04d80339cb3040f9eb1387569b0afffb779e099518bd88
s30/2,data/s30/2.pgm,10d93bfc55c7f5679605c8023cdf2060e8bb13815abb12fff1be9a089108f4aa
s30/3,data/s30/3.pgm,21d96acb5cc5ef655640d802b1dd346079ba13dbdabb3aff650c8248951af4aa
s30/4,data/s30/4.pgm,30cd7bfd5486eff75c00da0231df316078fb13c9e8bb307f75adae003598f1a8
s30/5,data/s30/5.pgm,20cd6bfe54c5ef77d404f80231df306078bb13c9c8bb30ff71adaa081518f4ea
s30/6,data/s30/6.pgm,02cd6aded487eee75c005a0231e9346078eb13cb40ba14ff7d2e8e09159af1aa
s30/7,data/s30/7.pgm,11cd6bff54c7eeff1480da4231fbb56078fa17ca68ba18fff3afaf0031b9f1a8
s30/8,data/s30/8.pgm,10cd3bfe54c7eff75400c80231ff306078fa13c849bb123f75adae081198b4aa
s30/9,data/s30/9.pgm,31cd7bfed487efe65400da0271eb316078fa1bcae9bb1c7f79ae8f0035baf1a8
s31/1,data/s31/1.pgm,9b5cffee74ccff733dcad602fdff3761fff51fe9e1b7b2cff7ffdb0026a935fa
s31/10,data/s31/10.pgm,20a9fdf9d4cf71ff77a17c08f3bb0030d9be765852fa717dffff35656188c6aa
s31/2,data/s31/2.pgm,30c97ded5d4f57fa6fa1ee0873ff0170d8fc7d6848ba793dffbf051061aa4222
s31/3,data/s31/3.pgm,38b979e554cffbf76fa1fe0abb3f1430f8fe1f4843bb71fdffff3501638846ea
s31/4,data/s31/4.pgm,20f97be57ccf7bf46fe0fe007bff2560fbff5f6a41bb7addf7fd071261ba64ea
s31/5,data/s31/5.pgm,31d97be555cf73f66fe0fe0a393f056078fc3f6841bbf16dffef271061a946fa
s31/6,data/s31/6.pgm,1c597fed74c6ff707dccf6027ddf33617efd1febe9b330ecf7eda2802fb964f3
s31/7,data/s31/7.pgm,0af17babf4c7ffed0f4dd58720de7e20fefb17f7c2bbbcd17fdd8fcb171af5db
s31/8,data/s31/8.pgm,98dd7bfc74c5fb71bdccf6023ddf3261feff1fe9e9b130eff3ffaa0027b065fb
s31/9,data/s31/9.pgm,5c7d7aeeb4c77ff46dccff0633df3360fcf71feaf8b338acf3edaf0025bbf5fb
s32/1,data/s32/1.pgm,1bbf7be97797fb772d0d7cc2bd9fb6607ebb97d5d29a34fffefdaac0378ca1f9
s32/10,data/s32/10.pgm,2a9d6ab9fd97fe67cd4d7c8328ed36c4feab9785d6ba32dd7e7f9ecb578cfddf
s32/2,data/s32/2.pgm,1e9972ecf7d2fe73ad88fe032dff26d0febb97e3d4bb10ccfbfd8fc337aeedd3
s32/3,data/s32/3.pgm,3a9d7ae877d7fee78d40fe033dff3460eeb997d1c4bb30ff7ffd8f03370eeeda
s32/4,data/s32/4.pgm,0a9d72d9f5d6fd76fd4dfe0228bfb6e4efaf978dc7bb32ff777f92831f8cfcff
s32/5,data/s32/5.pgm,1b397ac875d7fa776fc17e033f9e3764febb97ddcfbb34fc7f7d8a43e78cfdee
s32/6,data/s32/6.pgm,12d272bc77d2bc473d0d76232cfe3644febb9781debb02ddb3ff9ec3170cadcf
s32/7,data/s32/7.pgm,0b8962c9d7d7fff71d455e87399e36647ebb93ddd7bb34ff7e7d8ec33f8ef5dc
s32/8,data/s32/8.pgm,2b9d7ac9f5d7f9f78f4d7e0308feb6e4efbf9785d4bb30ff7f5d9acb578cfdd7
s32/9,data/s32/9.pgm,2a9d7af9f5d7fc77bfc57e8328ff2660efbb979116ba32ff7fdd9fc3370cecfb
s33/1,data/s33/1.pgm,13807bf955c7f9435d007d033d9f3c60f8b9139112ba30d7573d8a0a358875e2
s33/10,data/s33/10.pgm,81a8fbdae4e4fdd79913fc129c9f7468eb9b3799b2ffb0f3ffdd9e60d5c8f7ea
s33/2,data/s33/2.pgm,03acfbdbfce5f9d71f575cd2bd9e7469efbb379d922c36f34f1d9ae89588b5a8
s33/3,data/s33/3.pgm,02e0f8f96dd5f9d78f153c13bcdf7420efbb9f91862ea2f17fd99afb978ef5eb
s33/4,data/s33/4.pgm,0aa0faf86cd5f9d79f15f412bd9f7428ee3b1795922e22f3dfddba6b978aa5eb
s33/5,data/s33/5.pgm,bc446efd5c97fa60d500f30279d9356178a993efe8b716fdf3798a0877bb74a2
s33/6,data/s33/6.pgm,03997bec54c7bb775440d80239df3460feb917c9d2bb30df712d8a805588b5e9
s33/7,data/s33/7.pgm,934c6ecc4fd3ece2cd04f68269dd356568f09bcfe4a736ec337aca0117bd75a4
s33/8,data/s33/8.pgm,b9cc6ffc1dc3efe1d5c0f20379dd356178bd1feb68bf25fff3eb820177b874ea
s33/9,data/s33/9.pgm,13856afc5e87be671c00f0c23dde3460febb138df2bb06df74fd9a001588f988
s34/1,data/s34/1.pgm,4330fad1f5dcf9d73ffd74161c9e57e0b71ff71996f8f0d0df7f36e48594efd3
s34/10,data/s34/10.pgm,03d973c9749df9ff7f6d5ec2ecdedec47f8fd78dc7fab7d53e5eb6c4158c45fd
s34/2,data/s34/2.pgm,68bdf25577def3777be97e02b9bd92602e3fd79980f8f7cd7ffd96c2678cd6fb
s34/3,data/s34/3.pgm,4af962d5f7de795729c57e8b3d9f17707ebfb79982d9b4c57fedb28127845ffb
s34/4,data/s34/4.pgm,0f317be06f1fff78affc7e4bddfff563fefdffc7c1d13bcc7f5d2fad27ad27f3
s34/5,data/s34/5.pgm,2b587bf465ddfd53bfecf26dfddf3771fcfdff43c1d332e957ff27ab27bcc7fb
s34/6,data/s34/6.pgm,0bbb72d96ecbf9727f65762319be9f61aebff78992faf7d157389bc607ac4fff
s34/7,data/s34/7.pgm,eab87ed4edddbdf7bffdb41f2cff765bedbfff55b76ff2c15f5b5fbb4f0cd7ff
s34/8,data/s34/8.pgm,23b0f9d9ecddfdcf4f7d740abcbc54a4af9b7719d37af6f11f1e57ef458cc7ff
s34/9,data/s34/9.pgm,039d73c1ec3df9f72b797e02bcbedc249f9f5709d7daf3f1bf7e96ee0488c7ff
s35/1,data/s35/1.pgm,10c93bec54cd7f652d01ea023fdf3060fefb1bc25bbb10fdf3b58649310ae7aa
s35/10,data/s35/10.pgm,02b92bf876c5f9e79e45dc83bdde3440efbb179152ba30df5eddbac91508a5db
s35/2,data/s35/2.pgm,1a993bfc55c5bb67ad05fc033c9f3660e8bb939152bb30ff7ffd9a4b110aa5fa
s35/3,data/s35/3.pgm,02996bfc76d5f9670d41dc82389f3660eebb1781c3bb30dd777d9a881508f5fb
s35/4,data/s35/4.pgm,1a9d3ae855c53d67af01ec03bcbf2670fabbd381129b12fdfbfd8e4b1000a5fa
s35/5,data/s35/5.pgm,0bb97bf874d5b9771f415ca3bd9e3460febb979593ba34df5e7dbac2158c75fb
s35/6,data/s35/6.pgm,3a9d62bcd7d3fe675d055c832cbe36c4febb938156bb34ff777d9ecb370cfdde
s35/7,data/s35/7.pgm,1b996bec7796fb753f49de823d9f3660feb997cd9abb30fdfffd8ac2378e61fb
s35/8,data/s35/8.pgm,0acd6af8d7d5be671d01dc82a8bf3664eebb938152bb10ff7f7d9e43170cbdfa
s35/9,data/s35/9.pgm,03996bbd7685b9671e415e82bddeb460eebb178593bb34fddf2daec2bd8831f9
s36/1,data/s36/1.pgm,2a993be85ec5bb770c4cdca33c9f2660feb997c1439b32dd7365bac9350a34fb
s36/10,data/s36/10.pgm,02993bec5dc5fdf74f41dc02b8bd3460ee3fb7c8de3833d57ffd9eca5508f5fa
s36/2,data/s36/2.pgm,03896a8c7681ba678f41daa72caeb640eeb93785c6ab24fd367d9acb150c71db
s36/3,data/s36/3.pgm,03993bec76c5b9730f49dee7bd9f3060ee3b1fc1d39932fdfbedbac0182825fb
s36/4,data/s36/4.pgm,02982bfd76c4bb770d485e67bc9f3060ee7f9785c19930ff753cba821d0835fb
s36/5,data/s36/5.pgm,0a993bf976c5bbd71f4d5ca7bc9e3660fe3b9791929a32f56f559acb150aa5fb
s36/6,data/s36/6.pgm,129b6bac7683fd678d40fee73daeb440eeb917c5c0bb24fdfeed8a823d8875db
s36/7,data/s36/7.pgm,12c97aec7683ffe70c40fae23dbf3460fefb17c1c8bb34ddffef8ec03598f1bb
s36/8,data/s36/8.pgm,12d93bac34c4bfe70c495a03bd9f2040ce7f1fc5409920fdf1adae82141225db
s36/9,data/s36/9.pgm,33597bed7487ff722dc0fa423b1fb530fffd7f6ccbb031cd7fdea7a07dba7079
s37/1,data/s37/1.pgm,9e14fffa77b7fb521d43ff137dff3e69ffbbb793a2ff38fed3ffbac1b7cd25e3
s37/10,data/s37/10.pgm,0a007afa64fff9521f4f7f131ddf3668ffbb379586b636d757dfbaca978f71f7
s37/2,data/s37/2.pgm,92dd6ffd16c7fff69cccfa037fbf3060faf93fc760bf30fffbefaec13418f5fb
s37/3,data/s37/3.pgm,bab47fea7ff5f97b9d49f5177cff3861ffbb9799b3bb32ffdbffabee170c21f3
s37/4,data/s37/4.pgm,9addeafc0fc57fe6bfccfe03fd9f3370eef9bfc768bf32fbfbffaf8335bcf5fa
s37/5,data/s37/5.pgm,9add7bfc57d5ffe4ddccf6027dfd3760faf9b7c3e0bf32fff3fdaf8b373c75fb
s37/6,data/s37/6.pgm,1ad96efc57d57ff7bdccfe837ddf3760eef9bfc3e4b932fff3ffbe83279cf5fb
s37/7,data/s37/7.pgm,8e1cfefe64a5be5d9fdb5dd37cffbf49ff7bb781b3fe3afffffffb8a9599e1d3
s37/8,data/s37/8.pgm,93dd6afcd4d7fff4d5447e02b9ff36607ef917eff8b930ffffefafc035bef4fb
s37/9,data/s37/9.pgm,8b143bf875b7b9529fcbfd133cdf7e60febbbf81b7bf32d7d7dfbaea974d61f3
s38/1,data/s38/1.pgm,13df6bef7486ef7454405e8279cfb7607eaa17efe9bb34ff766faa803db870f9
s38/10,data/s38/10.pgm,13cd6bfe5683ee77d440dac231ccb4407ebb13c5c3bb14ff372d8a00159af1a8
s38/2,data/s38/2.pgm,32d96bde7dc5fff79d40d8032cdf3460ecbb3bc3c8bb36fdf3358a0b151af5fa
s38/3,data/s38/3.pgm,93df6bfe7693bf74dd48d88729deb5607ef993cfe9bb36ff762caa8a15bf71f9
s38/4,data/s38/4.pgm,228d7bda55c5b8679d4158033cdf3440ec3b1381c2bb32ff371c9a0b1518f1fa
s38/5,data/s38/5.pgm,03dd2afe57c5fe679d445e032cdf3640fdbb9381e2bb36ff777e9ac31518f5de
s38/6,data/s38/6.pgm,935d6bee54c2ef76d440dec279ffb7607eab17cfe1b934ef306eaa803d8871f8
s38/7,data/s38/7.pgm,13dd6bfe56d7ffe7d540d88221ceb460feab13edefbb34ff723d9a831d98f1fc
s38/8,data/s38/8.pgm,229d6bca54c7fffd55407c0229dd34207cbb1381e0ba38fd775d8a81378a74fe
s38/9,data/s38/9.pgm,119d6fef76c6ef7774405e8671dfb4607eba17efe9bb34ef712eaa803daa70f9
s39/1,data/s39/1.pgm,13dd6acf76d7ef755540dec679ceb2607eab17edd99a35ff766daa803d8e74f9
s39/10,data/s39/10.pgm,039cfbdbf4f7bbf71f495eb3bcfeb660ff7b179597bc3ef73f7f9eca9fc8f5ff
s39/2,data/s39/2.pgm,11dd7bed34c67b7554485646b51fb0607eb11fedc3b831dde5afaac0358a31f9
s39/3,data/s39/3.pgm,06bebabaf7e5bfcf1f57ddb7ecfe7e00ff3b9797961e3af33f579fef955ebddf
s39/4,data/s39/4.pgm,039e629bf7b5ba471e4d5de7bc9eb660fe2b139d96b836f72e5c9ac29d0eb5dd
s39/5,data/s39/5.pgm,38d97afe57d7fb764d40dc0379df3260febb93c9caba32fffffd8a09378a74fa
s39/6,data/s39/6.pgm,0bbf7adbf7f5bbf71f4f5cf7acfeb660ff3b979597b83eff7f5fbecb9fcca5ff
s39/7,data/s39/7.pgm,33596bec7687fb711548fa0339cf34607eb917edc8bb14dd73adaa80358a70e8
s39/8,data/s39/8.pgm,32896aec5683fb6004007883398f30607eb917edcabb04dd71adaa80358a74c8
s39/9,data/s39/9.pgm,239d7afa76d7bb771f415c0239deb6607ebb93c1d29a36ff773daac9378af1f9
s4/1,data/s4/1.pgm,2b597ac575defd56edcc7e023f9eb760eebd97ccc5b030c8f7fd828207be6df9
s4/10,data/s4/10.pgm,12897be876c4f8670c015a02bd9e34606ebb138152b810dd77ed8ac13508b18a
s4/2,data/s4/2.pgm,1a197ae476d6fb728d4cfea33d9f3660febd97e1c89b30dcf7edaa8135a875db
s4/3,data/s4/3.pgm,23996bcc76d4f957ad407c823c9eb664eeb91789c3b9b4c5577c8a8037ac75fe
s4/4,data/s4/4.pgm,12197bec76c6ab546c405e82399f35607ebb17c9c3bb34cf772daa80258a75f8
s4/5,data/s4/5.pgm,03897bed76d6f9774d415e83399fb660eeb99785c6ba34dd777d9a81358e35fb
s4/6,data/s4/6.pgm,02996be856c5ba650d447c832c9e36406eb913d1c6bb30fd770c8ac8158c75de
s4/7,data/s4/7.pgm,02b96bec56c5bb471c445c82389f3060febb138982ba30fd772d8ac8358a75ea
s4/8,data/s4/8.pgm,1b197be566d7fb72edc05e823d9eb760eeb917c5c5b834c817ed8a802fa675fd
s4/9,data/s4/9.pgm,33596aed76d6f9760d4cfea3399f3760eeb997adccbb34cc77fdaa8035ac74fb
s40/1,data/s40/1.pgm,30c92bee54c7fbe754416c0231dd306078fa13c95aba32fd7f2d9249350af4fa
s40/10,data/s40/10.pgm,10897bed7487e9673440f202b59f3060eeb91389c8bb10fdf5ad8a80358831e8
s40/2,data/s40/2.pgm,028d63ca7681ba671f01588221ce34607ebb138596ba24ff361c8a0a151ef5cc
s40/3,data/s40/3.pgm,32a97afb57c3ba661f457c032ddf3640febb939116ba32ffe75d9a4b150ff5da
s40/4,data/s40/4.pgm,10097bec76c7f9535c00f202b5df3060eeb91789cabb10ddd7ed8ac0158875aa
s40/5,data/s40/5.pgm,039d6bcd76c3bb779c415a42319eb4607e3b13c5c1b834ef762caac0350ab5e8
s40/6,data/s40/6.pgm,30c92bec54c7ef775400ea0233fd306078aa13c84abb10bff1ada6407518f0aa
s40/7,data/s40/7.pgm,13197bec74c6f9752c40de063ddfb6607eb917edc19b34ed77adaa883d8a31f9
s40/8,data/s40/8.pgm,32e96ae855c7ffe4c641fc0229dd3460fcfb13e14ebb38fdf3dd8ae9150a749a
s40/9,data/s40/9.pgm,03797bf876c6b975ac4052023d9f3460feb91789c19b30ec7789ae000d0025fb
s5/1,data/s5/1.pgm,1a597be834c7fb70a508f4033fdf31406eb917c3c8b330fdf3e9aa01359a74fb
s5/10,data/s5/10.pgm,03b97be876c5b9772d4d5a87bd9f3460eebb9795829811fddf7d9ac31588a59b
s5/2,data/s5/2.pgm,314d6bec74c7ef74c580fe027bfb35607ee816eac8bb30aff3eda28075ba70e8
s5/3,data/s5/3.pgm,32496aed5487eb600504fc0239cb3440fea817c948bb10df73ec8a03358a708a
s5/4,data/s5/4.pgm,9a587aec74c7fb70ad08f4033ddf31416eb997c3c89710edf3e9aa8935ab35eb
s5/5,data/s5/5.pgm,11497bfc54c7eb755c40d24235df34606ea9178dcb9f10fdf1a88a001d8871b8
s5/6,data/s5/6.pgm,93486bec54c6eb705440d24231dd35607ea917efc9b714dd5328aa8035aa71b8
s5/7,data/s5/7.pgm,82587aec74d5fa508f48f003bd9f3640feb997c1c8b570dfd3dd8a89370875fb
s5/8,data/s5/8.pgm,02cc6abe5697ee779c01d083a9ca34407aab13c5eebe24ff76608a80158eb5ca
s5/9,data/s5/9.pgm,920b6bac5486eb771400d24231cfb4607eab17cdea9a24eff22daa80358871b9
s6/1,data/s6/1.pgm,32c97bfe5cc7fb671f04da03bddd3460f8ff1b810abb32fff5bd8a00150835ea
s6/10,data/s6/10.pgm,12dc7bfd7dcffbfc7f44fe03bdff3760ffbb9fc980bb72fffffd8aa3959bf5fb
s6/2,data/s6/2.pgm,11997bfe7cc7ff74df40fc02f5df3460fef937cb41bb72fd7ffd8a4035ba75aa
s6/3,data/s6/3.pgm,01897bfd5cc5ff671e01d802b5ff3060f8bb13c912ba52fffdbc8a49150a35aa
s6/4,data/s6/4.pgm,2adcffff55dffdfd7f01f603fdff3660fffbbf89c2bbf2fff7ff920a558865fb
s6/5,data/s6/5.pgm,128cfbfd15e7faf2fdc0fe027dff3460fcbf17c9aabb30ffdfff9a43d58875e8
s6/6,data/s6/6.pgm,12cd7bedd6c7fbee3ee4fc023dff3260fbff1fc9dabbfadfffaf9b4c75aab5da
s6/7,data/s6/7.pgm,13087bec74c7eb709c40f6027fdf31607eb91fefc8b730fdf3e9aa8035aa75f8
s6/8,data/s6/8.pgm,02b07ffd7ccff97bbf5dd613ddff3e60ffbfbf91b0bb73d7dffffbc0940875f3
s6/9,data/s6/9.pgm,335c6fed3c87eb781cc0f2027dff31607ebd3fefc8b335dff7e9ab8035ab71f0
s7/1,data/s7/1.pgm,30897aed5787fb778c00fa023199346078b917c548bb10fd73ed8200358a70aa
s7/10,data/s7/10.pgm,01293bed54c6fb7704c078023c9f3060fcbb13cc89ba30cdfd8c8a001d0871a8
s7/2,data/s7/2.pgm,038d3ffd5687bf775c005a42b8993061ec3b13c9f1b830fde5bbda001508f1a8
s7/3,data/s7/3.pgm,038d3aec5587ea671d00d842309a3060e8bb13c942bb10fff1fc8a001d087188
s7/4,data/s7/4.pgm,01897be95485f9774c017842b59b3060eabb13c9c3ba10fde5bc8240590861aa
s7/5,data/s7/5.pgm,038d3bfc5487b9678e015842b59b3060ec3b138153bb12fffdacba681c08a18a
s7/6,data/s7/6.pgm,128d3afc57c5f8679d01ca032c9f3464e8bb938146bb32ff37fd9a03150cb98e
s7/7,data/s7/7.pgm,318d7bec5787fa670c00d803348b3440f8bb13cd5abb10df79ad8a40310af1aa
s7/8,data/s7/8.pgm,228f7adc5d85fa678f05fc0328ab3460f8bb038912bb12ff7bbd9a4b5508f08a
s7/9,data/s7/9.pgm,028d5af856c3fa679c01ca022c9b346068bb13c152bb10fffebc8a403508b18a
s8/1,data/s8/1.pgm,089f7bcff692bff61c085ac2fdefb0607f3e97eed1b80cff6e2fa7c01fcfa1b9
s8/10,data/s8/10.pgm,33097acdd684ff770d007e023998b6607ebb17cdd7ba34cd772dbe02358af0ae
s8/2,data/s8/2.pgm,108d7bcdf4d7f9775f015c42ff9f34607fbb138813b830ff7fafa2c0358aa1f9
s8/3,data/s8/3.pgm,288d7ae895c7ef574d05fe021abd346078ba93c810aa30ef77ed820bf3dafcea
s8/4,data/s8/4.pgm,039d7ac97695b9771f4d5c873c9eb664fe3b1785d7b834ff767cbac21d8ab5fd
s8/5,data/s8/5.pgm,3b897aecd5d6ff7745847e023bad366078eb93c8d2ba30e877ed860133baf4ea
s8/6,data/s8/6.pgm,3b8d7bfcd4d6ff77cc047e0239bf3460f83b13c950ba32ff7feda643358af5ea
s8/7,data/s8/7.pgm,089d78fbbfe5f9e7de41de93bdff3660ff3b1799b2a832f7ffdfbac9b548b5fb
s8/8,data/s8/8.pgm,388d7bfdd5c7ffe754047c0279fd366058fb92c852ba33ff67af964177b8e4ea
s8/9,data/s8/9.pgm,239c7bfb75d5ffe75e4c7e023dff32607dbb938943b832ff77dd96c11598b5fb
s9/1,data/s9/1.pgm,128d73bb55c5aa671c0158433cde3460fa3b9391439a14fffd868a42150cb1a8
s9/10,data/s9/10.pgm,238962f857d5b8675f015c8328dc34e0f8bb939586ba36df775d9acb570cfd8e
s9/2,data/s9/2.pgm,32cd6afa57c5bf671d007003289f3440fabb93c142ba10ff7f4d8a4b750cf5ea
s9/3,data/s9/3.pgm,02cd2baa55c5ba651e0158032ccd3040fa3b938152ba10ff6d158a4b110ef9ca
s9/4,data/s9/4.pgm,03cd42997683ba661d0058822dcab4407aeb13ddc2bb14ff352c8a823508b18c
s9/5,data/s9/5.pgm,028d72fa57d1b8679d055c832ccf32c0ee3b939142ba14ff7b559a4b170cb5da
s9/6,data/s9/6.pgm,02996ade76c2fa6794045ae329ceb4607ebb97c5c29b24fd702c8a81358ab589
s9/7,data/s9/7.pgm,23196b8c76c7ab731c4450e3398eb6607eb917cdc4bb34fd362caa80358e35f9
s9/8,data/s9/8.pgm,029d7acc74c7ff771d08d80239dfb4607ebb17c7c09b14ff732caa80358a75fb
s9/9,data/s9/9.pgm,13cd6afed4c7ba675d04588329ce3640fcbb93ddc6bb34ff312d9a03359cbddc
